index,gold_20
100,1118.242508
101,1108.752282
102,1111.484704
103,1118.676759
104,1125.190012
105,1123.929029
106,1120.59033
107,1106.367562
108,1105.924663
109,1109.326654
110,1118.776465
111,1114.929981
112,1102.866898
113,1100.417896
114,1105.741372
115,1105.668229
116,1109.206121
117,1101.930575
118,1098.290767
119,1090.997076
120,1182.317271
121,1192.152612
122,1180.311526
123,1188.485034
124,1194.550614
125,1197.607271
126,1194.855955
127,1196.17536
128,1198.75997
129,1196.569056
130,1200.265091
131,1201.884987
132,1201.900571
133,1199.672086
134,1196.44348
135,1192.952963
136,1193.867588
137,1196.555702
138,1193.049141
139,1188.892868
140,1189.297245
141,1185.623127
142,1176.495798
143,1177.534474
144,1164.1246
145,1173.528293
146,1170.873209
147,1168.282928
148,1161.926261
149,1150.197486
150,1166.374948
151,1163.31861
152,1160.596462
153,1156.959628
154,1151.310321
155,1148.717966
156,1144.820119
157,1150.46005
158,1148.635324
159,1151.762226
160,1253.725453
161,1254.368244
162,1252.505356
163,1245.538842
164,1250.949668
165,1250.405491
166,1254.133734
167,1256.809711
168,1258.09582
169,1263.369977
170,1251.533888
171,1252.016083
172,1254.266341
173,1253.377779
174,1260.104563
175,1263.381388
176,1270.066235
177,1272.639488
178,1268.100891
179,1262.222792
180,1214.124088
181,1222.156362
182,1224.278961
183,1231.647222
184,1225.871219
185,1234.267675
186,1227.415532
187,1220.20639
188,1220.388447
189,1214.026351
190,1212.049038
191,1220.601754
192,1222.32114
193,1219.121514
194,1212.020443
195,1209.65091
196,1204.828103
197,1213.211241
198,1206.666716
199,1221.682541
200,1249.929314
201,1241.526523
202,1248.425824
203,1246.097448
204,1240.994086
205,1241.590464
206,1238.937606
207,1241.580934
208,1242.167952
209,1242.000546
210,1240.219161
211,1238.238099
212,1239.750029
213,1247.027953
214,1251.492245
215,1240.215413
216,1246.252184
217,1247.166544
218,1251.049119
219,1255.141392
220,1273.260205
221,1272.570808
222,1272.86112
223,1274.886132
224,1279.710329
225,1273.525665
226,1276.402355
227,1270.04531
228,1262.685995
229,1267.042046
230,1273.15153
231,1279.113287
232,1281.572978
233,1275.414892
234,1279.901337
235,1287.454094
236,1281.726117
237,1277.60949
238,1280.112272
239,1280.539648
240,1223.439969
241,1218.375741
242,1205.293226
243,1194.123452
244,1192.904481
245,1192.616806
246,1190.264252
247,1191.191742
248,1189.302607
249,1191.849054
250,1196.001848
251,1190.695523
252,1188.323391
253,1188.753637
254,1194.037169
255,1209.985188
256,1209.835229
257,1213.909044
258,1215.739146
259,1213.766478
260,1264.235179
261,1258.352689
262,1259.590293
263,1250.504895
264,1248.726872
265,1251.388506
266,1252.985554
267,1254.157049
268,1250.847757
269,1247.287459
270,1249.568518
271,1244.559068
272,1247.666671
273,1244.525507
274,1242.603754
275,1240.947055
276,1243.808142
277,1251.67512
278,1248.977519
279,1248.125857
280,1254.831451
281,1253.055722
282,1250.118338
283,1257.084996
284,1263.577899
285,1257.833597
286,1256.173655
287,1252.011715
288,1254.30928
289,1249.665356
290,1252.004887
291,1249.599106
292,1257.510251
293,1257.119672
294,1255.505011
295,1252.224841
296,1251.426836
297,1248.531627
298,1246.675105
299,1252.987448
300,1223.070002
301,1227.250817
302,1232.627076
303,1238.198347
304,1244.962033
305,1248.54971
306,1256.483138
307,1255.058672
308,1259.7788
309,1272.209373
310,1276.061244
311,1276.36506
312,1275.781719
313,1275.672993
314,1276.953717
315,1276.948179
316,1273.342476
317,1272.951738
318,1270.292585
319,1268.90315
320,1260.864958
321,1260.205266
322,1268.370089
323,1271.096928
324,1276.220587
325,1275.61775
326,1279.942313
327,1279.032989
328,1283.89374
329,1285.212615
330,1286.168744
331,1287.522611
332,1283.739469
333,1279.036217
334,1277.630536
335,1274.099529
336,1271.662424
337,1267.04038
338,1263.135343
339,1261.137859
340,1269.91967
341,1275.034642
342,1270.212395
343,1269.250223
344,1265.754582
345,1263.163083
346,1253.299792
347,1247.193445
348,1239.297362
349,1238.248377
350,1239.924021
351,1242.338747
352,1241.20183
353,1237.584566
354,1240.708738
355,1237.178828
356,1239.207958
357,1234.369592
358,1231.360487
359,1230.452247
360,1335.566757
361,1338.969316
362,1340.612902
363,1343.970233
364,1337.904663
365,1338.002579
366,1337.745431
367,1344.254213
368,1344.234003
369,1343.657068
370,1344.561173
371,1345.732999
372,1347.607354
373,1346.504555
374,1349.313053
375,1344.050374
376,1349.18879
377,1353.002364
378,1354.69932
379,1355.667695
380,1288.705293
381,1289.07063
382,1294.839112
383,1293.856094
384,1292.664897
385,1294.27385
386,1290.915874
387,1293.013442
388,1292.641385
389,1299.412895
390,1299.525018
391,1303.953669
392,1303.950615
393,1301.3002
394,1304.51051
395,1305.426447
396,1304.24194
397,1304.231673
398,1307.577044
399,1308.290566
400,1311.004709
401,1312.975573
402,1321.092433
403,1323.775649
404,1330.386718
405,1330.210179
406,1330.834907
407,1331.368092
408,1328.697032
409,1329.943776
410,1336.398838
411,1336.897753
412,1333.866419
413,1337.960095
414,1339.042196
415,1341.639261
416,1342.997426
417,1340.41681
418,1335.35433
419,1345.27263
420,1264.584086
421,1263.945053
422,1268.71117
423,1264.708782
424,1257.62492
425,1266.940812
426,1267.880873
427,1265.439876
428,1268.571798
429,1261.854453
430,1268.700048
431,1275.056993
432,1274.711956
433,1271.994336
434,1272.706719
435,1275.286858
436,1284.578272
437,1285.398719
438,1273.691765
439,1277.874194
440,1289.50868
441,1295.032404
442,1294.284884
443,1294.811082
444,1299.017082
445,1297.046015
446,1291.819659
447,1291.250181
448,1289.58422
449,1288.02408
450,1292.687267
451,1290.068903
452,1293.606174
453,1295.753051
454,1290.94541
455,1290.253084
456,1284.934465
457,1283.314349
458,1285.981859
459,1287.419436
460,1256.121116
461,1248.898794
462,1252.666139
463,1252.000271
464,1248.490438
465,1257.840223
466,1258.012746
467,1258.990932
468,1262.188386
469,1261.314577
470,1257.913142
471,1258.507332
472,1256.049842
473,1255.342009
474,1257.254482
475,1256.734508
476,1258.739721
477,1256.974019
478,1255.041112
479,1255.075861
480,1313.357502
481,1306.784935
482,1299.266782
483,1293.551953
484,1292.339719
485,1287.156328
486,1282.604694
487,1279.143387
488,1276.512272
489,1273.321837
490,1274.920224
491,1275.665379
492,1272.323883
493,1271.165751
494,1268.245966
495,1265.436657
496,1261.76474
497,1260.667442
498,1261.437085
499,1261.719456
500,1336.411769
501,1333.150385
502,1328.555685
503,1328.407601
504,1331.417769
505,1330.623772
506,1330.454654
507,1327.744458
508,1325.158857
509,1321.236858
510,1316.658934
511,1315.640362
512,1315.486469
513,1314.487614
514,1316.7836
515,1314.878329
516,1315.867617
517,1316.28371
518,1314.5508
519,1311.690499
520,1315.215842
521,1307.981356
522,1305.739511
523,1306.630705
524,1308.044294
525,1304.309485
526,1301.494244
527,1301.634869
528,1306.793677
529,1309.298934
530,1312.505608
531,1306.875481
532,1304.601284
533,1299.470652
534,1294.783417
535,1297.385308
536,1300.500649
537,1300.04812
538,1299.132171
539,1298.546584
540,1317.717589
541,1327.967074
542,1334.926954
543,1338.593159
544,1340.833298
545,1330.142411
546,1321.8748
547,1317.03473
548,1318.758478
549,1319.084271
550,1313.019892
551,1311.082473
552,1312.24715
553,1317.886733
554,1316.80747
555,1315.258365
556,1313.901078
557,1311.562196
558,1308.453598
559,1310.180559
560,1342.771732
561,1333.43629
562,1335.95292
563,1338.13151
564,1338.194152
565,1339.966127
566,1343.470719
567,1342.376675
568,1344.426202
569,1345.812258
570,1339.100297
571,1336.476977
572,1330.834877
573,1330.15426
574,1333.646254
575,1339.144021
576,1342.143526
577,1346.278321
578,1347.527863
579,1350.12069
580,1342.505883
581,1340.776414
582,1335.095303
583,1327.261003
584,1327.542617
585,1323.93464
586,1322.103933
587,1320.109239
588,1320.832899
589,1319.142244
590,1315.463553
591,1321.14518
592,1325.181525
593,1331.47997
594,1331.693612
595,1337.158875
596,1341.119558
597,1339.223502
598,1338.630707
599,1332.616094
600,1316.525542
601,1321.516099
602,1320.008439
603,1328.015308
604,1332.67208
605,1337.566438
606,1338.275553
607,1333.480235
608,1336.078143
609,1335.306134
610,1333.151492
611,1333.353087
612,1325.515191
613,1326.082138
614,1327.221236
615,1327.882533
616,1330.989313
617,1331.963593
618,1331.982282
619,1334.435575
620,1287.532299
621,1285.991869
622,1289.323805
623,1290.249157
624,1293.364205
625,1301.810566
626,1296.518917
627,1296.275657
628,1294.038806
629,1300.022415
630,1297.642288
631,1294.413872
632,1295.847599
633,1296.578958
634,1294.358246
635,1289.353272
636,1283.6389
637,1282.540131
638,1284.331942
639,1284.841237
640,1303.824407
641,1309.215729
642,1306.414618
643,1307.332737
644,1311.717351
645,1310.468139
646,1311.455932
647,1304.339541
648,1303.118047
649,1293.787402
650,1297.145218
651,1296.663156
652,1299.059943
653,1301.894028
654,1305.106597
655,1303.455092
656,1305.702602
657,1307.627544
658,1311.617715
659,1309.329315
660,1252.227885
661,1247.614062
662,1247.200478
663,1248.325317
664,1256.023303
665,1250.32476
666,1253.202358
667,1249.512103
668,1247.798129
669,1246.041586
670,1245.274009
671,1242.124446
672,1241.304106
673,1235.182771
674,1239.031534
675,1239.468255
676,1237.206925
677,1237.046187
678,1233.503604
679,1228.982349
680,1226.598149
681,1223.905913
682,1221.036785
683,1225.700774
684,1225.138537
685,1224.492815
686,1223.071131
687,1220.878517
688,1219.465274
689,1221.211553
690,1216.884076
691,1218.262579
692,1216.789442
693,1211.77092
694,1212.422763
695,1209.796225
696,1209.685823
697,1210.360354
698,1212.497116
699,1205.889364
700,1209.966777
701,1207.863599
702,1209.165365
703,1208.435252
704,1205.702461
705,1204.151755
706,1201.208253
707,1200.584221
708,1202.224564
709,1201.949844
710,1197.691543
711,1196.396533
712,1196.079393
713,1198.675288
714,1195.561824
715,1194.6692
716,1193.269204
717,1193.195508
718,1195.24436
719,1192.031
720,1200.696511
721,1197.900972
722,1194.343296
723,1194.498581
724,1196.654841
725,1200.371824
726,1196.223373
727,1199.275891
728,1195.555177
729,1195.561735
730,1194.504401
731,1190.509242
732,1188.302817
733,1188.912258
734,1194.199727
735,1194.218859
736,1193.766088
737,1197.73714
738,1197.851699
739,1200.388557
740,1207.223099
741,1212.875448
742,1214.989456
743,1216.816435
744,1221.65203
745,1214.842375
746,1211.279563
747,1215.269434
748,1212.703861
749,1211.928843
750,1207.61744
751,1207.910134
752,1210.840943
753,1203.072644
754,1202.702649
755,1201.735746
756,1201.737057
757,1203.384884
758,1203.451243
759,1211.135353
760,1183.189575
761,1180.899404
762,1180.014705
763,1181.334853
764,1178.603948
765,1179.403761
766,1188.224752
767,1180.472772
768,1183.499166
769,1185.111893
770,1190.453378
771,1189.813548
772,1184.519064
773,1179.799456
774,1176.678819
775,1177.607999
776,1183.296214
777,1181.738901
778,1187.748168
779,1183.424355
780,1217.793757
781,1214.869138
782,1211.983135
783,1212.032507
784,1218.922134
785,1219.668399
786,1217.671012
787,1224.209277
788,1223.657484
789,1219.009942
790,1210.415695
791,1209.634041
792,1200.753374
793,1199.164993
794,1204.073303
795,1210.888936
796,1211.377418
797,1213.902904
798,1214.343297
799,1212.414379
800,1218.178458
801,1216.04352
802,1212.848308
803,1210.252808
804,1212.119954
805,1215.935226
806,1214.030762
807,1214.527573
808,1219.211925
809,1214.786309
810,1209.25335
811,1211.066036
812,1208.062884
813,1207.469575
814,1209.887292
815,1210.487876
816,1209.753048
817,1215.76253
818,1221.756554
819,1218.497141
820,1233.097936
821,1233.496244
822,1227.517905
823,1225.506148
824,1228.957332
825,1220.986254
826,1228.033405
827,1223.73192
828,1225.112622
829,1223.47668
830,1224.126554
831,1229.57296
832,1227.811385
833,1226.973103
834,1227.061282
835,1226.874157
836,1228.643081
837,1227.689702
838,1224.730783
839,1224.521764
840,1275.051796
841,1273.008586
842,1270.806423
843,1269.619378
844,1267.6677
845,1264.72976
846,1270.115968
847,1275.467053
848,1277.86757
849,1280.116762
850,1285.050123
851,1287.879342
852,1284.19333
853,1285.235665
854,1280.506481
855,1280.297257
856,1277.518949
857,1274.945261
858,1271.687537
859,1273.854691
860,1282.914054
861,1275.735348
862,1276.627612
863,1270.130256
864,1273.729432
865,1269.945033
866,1268.422599
867,1263.529166
868,1265.868589
869,1263.03113
870,1262.339071
871,1261.882499
872,1260.845141
873,1261.176129
874,1265.217171
875,1260.784004
876,1258.871649
877,1258.781023
878,1257.514934
879,1253.497817
880,1310.726341
881,1314.195908
882,1320.989586
883,1318.603021
884,1320.044771
885,1323.110299
886,1325.067105
887,1326.984524
888,1329.492425
889,1328.890105
890,1331.389604
891,1332.060824
892,1327.359286
893,1326.299946
894,1326.055447
895,1325.954413
896,1328.199883
897,1326.990024
898,1330.227303
899,1332.992188
900,1324.698991
901,1321.644034
902,1318.54921
903,1319.470857
904,1326.407381
905,1329.063083
906,1335.982066
907,1336.394488
908,1336.005494
909,1342.59538
910,1343.816503
911,1346.298235
912,1340.625866
913,1344.336772
914,1345.630685
915,1344.773993
916,1348.032595
917,1345.311651
918,1343.504759
919,1341.02748
920,1314.478203
921,1299.989294
922,1298.508748
923,1296.911947
924,1293.622945
925,1303.977376
926,1299.497508
927,1302.443826
928,1302.935907
929,1298.355608
930,1302.335081
931,1300.758704
932,1304.191399
933,1305.293113
934,1307.917714
935,1306.201434
936,1309.835578
937,1313.089589
938,1309.985709
939,1306.429294
940,1305.024063
941,1316.192022
942,1316.779075
943,1317.494399
944,1315.450675
945,1313.285703
946,1314.795352
947,1313.707017
948,1310.705976
949,1311.692596
950,1308.731713
951,1305.785209
952,1300.75168
953,1296.885056
954,1292.039998
955,1294.150577
956,1293.098282
957,1296.560692
958,1297.410737
959,1297.724214
960,1283.06213
961,1286.52978
962,1292.675195
963,1293.433661
964,1300.595811
965,1304.802378
966,1304.622117
967,1304.407646
968,1303.991697
969,1305.16281
970,1306.982347
971,1305.094215
972,1303.38727
973,1299.115879
974,1297.087222
975,1294.372131
976,1291.789083
977,1291.961026
978,1286.646343
979,1284.993811
980,1280.821824
981,1282.415164
982,1280.037629
983,1280.305078
984,1273.546418
985,1276.408886
986,1277.917666
987,1278.213789
988,1279.271182
989,1282.13301
990,1286.017949
991,1289.200229
992,1292.5867
993,1289.777176
994,1288.299894
995,1288.809435
996,1288.192785
997,1290.363809
998,1288.540042
999,1290.555378
1000,1341.793208
1001,1337.743352
1002,1329.497388
1003,1320.89851
1004,1313.693014
1005,1306.405425
1006,1295.735049
1007,1294.10038
1008,1293.58397
1009,1294.191436
1010,1295.124342
1011,1299.857547
1012,1302.836192
1013,1298.033628
1014,1297.109525
1015,1297.562335
1016,1300.445985
1017,1303.034181
1018,1305.139817
1019,1306.07138
1020,1408.097434
1021,1413.453064
1022,1406.028493
1023,1394.198228
1024,1410.532905
1025,1413.69612
1026,1411.861552
1027,1405.462209
1028,1425.046652
1029,1420.120458
1030,1429.654409
1031,1437.578808
1032,1457.314149
1033,1458.737637
1034,1446.613513
1035,1457.741518
1036,1453.890229
1037,1464.327237
1038,1444.922907
1039,1451.226447
1040,1400.09051
1041,1390.31332
1042,1393.919526
1043,1396.123205
1044,1399.206612
1045,1415.619437
1046,1404.646707
1047,1396.532061
1048,1398.766682
1049,1388.982221
1050,1394.829994
1051,1395.646658
1052,1403.269065
1053,1406.997107
1054,1403.371037
1055,1408.294824
1056,1408.21968
1057,1402.61354
1058,1406.43992
1059,1398.906657
1060,1474.592351
1061,1477.07939
1062,1472.395302
1063,1459.235241
1064,1472.842929
1065,1466.195865
1066,1463.726428
1067,1453.761799
1068,1465.16798
1069,1461.939368
1070,1457.21744
1071,1469.849397
1072,1459.743607
1073,1462.079041
1074,1459.52815
1075,1473.894892
1076,1481.325313
1077,1484.198411
1078,1485.671167
1079,1486.586062
1080,1529.835851
1081,1525.185881
1082,1536.114984
1083,1543.332229
1084,1549.931082
1085,1553.062503
1086,1561.389273
1087,1564.915201
1088,1561.238617
1089,1552.162279
1090,1555.249694
1091,1557.252295
1092,1548.149001
1093,1550.616076
1094,1549.314221
1095,1549.849341
1096,1547.876431
1097,1547.116439
1098,1552.053116
1099,1552.311529
1100,1496.589786
1101,1505.780028
1102,1488.097156
1103,1507.966711
1104,1508.640802
1105,1524.308258
1106,1521.40319
1107,1520.098183
1108,1524.423648
1109,1515.527062
1110,1511.819278
1111,1510.974792
1112,1510.583507
1113,1504.786403
1114,1503.215961
1115,1499.485343
1116,1502.24012
1117,1495.37394
1118,1486.552379
1119,1480.882247
1120,1495.261136
1121,1492.466153
1122,1493.777069
1123,1502.222852
1124,1511.552991
1125,1511.816961
1126,1515.211538
1127,1520.73158
1128,1528.459718
1129,1515.02767
1130,1501.119183
1131,1505.778221
1132,1508.293677
1133,1507.498192
1134,1505.53673
1135,1505.012766
1136,1512.941473
1137,1514.357576
1138,1509.24886
1139,1501.72956
1140,1523.944517
1141,1530.495235
1142,1531.561062
1143,1538.450669
1144,1549.369202
1145,1537.063503
1146,1533.332103
1147,1527.777292
1148,1536.311135
1149,1544.618478
1150,1533.667365
1151,1528.396738
1152,1532.479263
1153,1537.552497
1154,1531.306391
1155,1522.208766
1156,1519.075993
1157,1522.718543
1158,1537.883955
1159,1533.364677
1160,1474.482067
1161,1468.377304
1162,1470.415179
1163,1467.828211
1164,1465.786352
1165,1465.895348
1166,1476.84534
1167,1476.285524
1168,1481.026648
1169,1490.920826
1170,1492.326499
1171,1487.633081
1172,1484.340882
1173,1481.91576
1174,1481.438195
1175,1481.198174
1176,1478.264496
1177,1484.949811
1178,1479.397838
1179,1479.087904
1180,1464.584827
1181,1464.589785
1182,1464.997937
1183,1456.482797
1184,1461.243598
1185,1448.732051
1186,1451.639841
1187,1450.281104
1188,1452.865592
1189,1456.741357
1190,1455.99979
1191,1457.044526
1192,1454.969434
1193,1455.223331
1194,1450.2013
1195,1454.722974
1196,1452.58628
1197,1449.43387
1198,1448.027549
1199,1449.511261
1200,1494.34203
1201,1492.598881
1202,1491.114439
1203,1484.062672
1204,1482.808286
1205,1486.886081
1206,1490.754376
1207,1486.186672
1208,1493.511695
1209,1490.749113
1210,1488.462516
1211,1487.979192
1212,1486.246158
1213,1490.181583
1214,1486.578425
1215,1485.686781
1216,1483.754288
1217,1488.249508
1218,1491.463531
1219,1491.509515
1220,1554.368167
1221,1555.313706
1222,1550.538426
1223,1549.946481
1224,1547.619615
1225,1545.284505
1226,1545.236649
1227,1548.157743
1228,1543.910659
1229,1544.929686
1230,1541.616321
1231,1537.519734
1232,1531.372078
1233,1528.93424
1234,1528.609724
1235,1532.061586
1236,1529.384403
1237,1529.2529
1238,1529.570132
1239,1522.59778
1240,1585.275067
1241,1584.014862
1242,1587.012351
1243,1598.792417
1244,1595.834725
1245,1598.62849
1246,1594.306479
1247,1591.514537
1248,1594.534483
1249,1589.723884
1250,1587.557812
1251,1587.870226
1252,1588.387734
1253,1586.851319
1254,1584.580378
1255,1589.056455
1256,1595.334586
1257,1596.042342
1258,1593.436062
1259,1595.520688
1260,1658.938255
1261,1657.048325
1262,1655.513178
1263,1661.045798
1264,1667.490327
1265,1678.347305
1266,1684.267387
1267,1685.900549
1268,1681.628168
1269,1683.779589
1270,1689.408472
1271,1694.750536
1272,1691.010874
1273,1689.876903
1274,1681.880046
1275,1671.346821
1276,1668.102873
1277,1677.062112
1278,1685.015046
1279,1688.708459
1280,1532.711759
1281,1496.819333
1282,1510.9538
1283,1525.863688
1284,1533.380221
1285,1566.324455
1286,1574.881774
1287,1588.269721
1288,1608.527798
1289,1591.827473
1290,1593.042633
1291,1560.805045
1292,1543.632883
1293,1512.099992
1294,1483.331771
1295,1486.587425
1296,1492.564806
1297,1501.194131
1298,1531.071066
1299,1542.526296
1300,1571.234102
1301,1584.230235
1302,1626.156575
1303,1670.474712
1304,1638.629173
1305,1659.330776
1306,1687.658503
1307,1666.383741
1308,1672.697793
1309,1659.053078
1310,1673.880269
1311,1623.807903
1312,1620.13573
1313,1590.065691
1314,1577.539018
1315,1579.794516
1316,1572.81669
1317,1567.438881
1318,1583.546971
1319,1588.00912
1320,1741.921092
1321,1717.75768
1322,1737.125317
1323,1727.61684
1324,1717.517526
1325,1693.197963
1326,1706.171895
1327,1705.391405
1328,1677.721559
1329,1685.193298
1330,1678.686747
1331,1661.674634
1332,1659.022441
1333,1646.746817
1334,1629.711237
1335,1633.633517
1336,1651.070136
1337,1638.881745
1338,1650.02845
1339,1664.624134
1340,1687.025496
1341,1675.03522
1342,1677.747508
1343,1680.265821
1344,1677.154534
1345,1675.03045
1346,1685.423005
1347,1688.615178
1348,1694.679139
1349,1703.625947
1350,1715.456172
1351,1709.034173
1352,1702.062489
1353,1705.781834
1354,1712.570128
1355,1718.315206
1356,1719.98489
1357,1717.823144
1358,1719.736297
1359,1722.705725
1360,1743.280434
1361,1719.422342
1362,1725.641406
1363,1722.093834
1364,1711.544379
1365,1704.122981
1366,1699.049816
1367,1685.919375
1368,1683.458742
1369,1681.390549
1370,1677.022132
1371,1699.055115
1372,1680.862783
1373,1677.304427
1374,1685.858499
1375,1698.828452
1376,1706.626342
1377,1715.422095
1378,1720.326283
1379,1727.582821
1380,1746.012286
1381,1739.984608
1382,1723.483932
1383,1738.872349
1384,1728.574696
1385,1738.051952
1386,1747.125654
1387,1750.82911
1388,1754.334911
1389,1754.994184
1390,1751.281038
1391,1736.030597
1392,1733.126813
1393,1718.06741
1394,1721.09484
1395,1731.394843
1396,1732.751183
1397,1743.628691
1398,1750.234216
1399,1750.153298
1400,1803.596926
1401,1794.46903
1402,1795.208691
1403,1807.212486
1404,1820.913523
1405,1827.305752
1406,1837.593605
1407,1847.280925
1408,1851.865754
1409,1849.784947
1410,1853.796359
1411,1857.866238
1412,1859.004649
1413,1859.511846
1414,1861.286782
1415,1868.107532
1416,1864.415044
1417,1867.115282
1418,1871.942308
1419,1877.086454
1420,1974.410215
1421,1985.673076
1422,1999.395159
1423,2001.442776
1424,2009.695803
1425,2013.782843
1426,2019.958076
1427,2014.61722
1428,2012.340389
1429,2007.416118
1430,2006.286583
1431,2003.604873
1432,2007.213443
1433,2008.717405
1434,2010.805168
1435,2015.1164
1436,2015.777684
1437,2020.077036
1438,2017.031092
1439,2016.558195
1440,1892.818094
1441,1896.571305
1442,1893.926852
1443,1845.805113
1444,1821.961551
1445,1852.690154
1446,1876.021925
1447,1888.976426
1448,1869.491323
1449,1862.333042
1450,1871.740797
1451,1873.237654
1452,1843.7091
1453,1820.171715
1454,1834.939997
1455,1841.994545
1456,1832.321961
1457,1835.876344
1458,1822.480456
1459,1851.636891
1460,1962.990685
1461,1960.920733
1462,1924.416073
1463,1923.077246
1464,1917.820632
1465,1919.988117
1466,1917.42044
1467,1919.428559
1468,1914.466304
1469,1924.068345
1470,1913.742515
1471,1921.464487
1472,1929.155715
1473,1946.380999
1474,1932.778217
1475,1936.873369
1476,1921.270037
1477,1917.153807
1478,1921.002379
1479,1933.663427
1480,1869.32996
1481,1865.14811
1482,1866.573334
1483,1844.398385
1484,1842.927403
1485,1844.885352
1486,1826.741561
1487,1835.915166
1488,1863.474099
1489,1855.761844
1490,1862.795456
1491,1864.268503
1492,1865.29313
1493,1866.554081
1494,1873.87974
1495,1869.770177
1496,1868.660726
1497,1869.337241
1498,1859.013266
1499,1857.045103
1500,1913.727906
1501,1916.700366
1502,1916.545311
1503,1909.694935
1504,1907.086343
1505,1899.286085
1506,1877.55035
1507,1886.049399
1508,1880.629996
1509,1877.031452
1510,1871.912313
1511,1864.296809
1512,1863.025697
1513,1871.065451
1514,1882.875019
1515,1869.63437
1516,1864.085504
1517,1867.045886
1518,1860.304586
1519,1855.108297
1520,1901.218097
1521,1909.021642
1522,1913.876157
1523,1909.499267
1524,1916.398121
1525,1919.996615
1526,1926.761263
1527,1923.419091
1528,1917.431043
1529,1934.703123
1530,1921.098672
1531,1914.994856
1532,1911.288585
1533,1909.757036
1534,1895.019184
1535,1895.312579
1536,1899.307475
1537,1903.255613
1538,1914.151388
1539,1906.067836
1540,1773.476591
1541,1789.70692
1542,1791.397502
1543,1810.966611
1544,1822.696207
1545,1809.34261
1546,1820.349167
1547,1807.952433
1548,1812.534057
1549,1818.250566
1550,1805.500981
1551,1812.843861
1552,1817.357534
1553,1806.258598
1554,1805.512257
1555,1792.231492
1556,1792.921286
1557,1797.728841
1558,1808.604102
1559,1804.799879
1560,1876.33187
1561,1866.257326
1562,1850.644129
1563,1864.413878
1564,1855.19799
1565,1831.486182
1566,1811.330177
1567,1807.478847
1568,1805.169527
1569,1826.877077
1570,1822.19616
1571,1825.644195
1572,1836.031204
1573,1850.120674
1574,1857.8521
1575,1863.977283
1576,1869.198083
1577,1856.202314
1578,1867.805884
1579,1860.145615
1580,1895.884386
1581,1888.854969
1582,1876.265824
1583,1887.080177
1584,1888.792669
1585,1895.94168
1586,1899.92647
1587,1897.172579
1588,1899.059386
1589,1898.597862
1590,1903.20486
1591,1904.721826
1592,1906.570133
1593,1910.328073
1594,1895.250693
1595,1883.381099
1596,1878.033934
1597,1872.495626
1598,1873.904524
1599,1872.765243
1600,1850.132029
1601,1850.764242
1602,1870.506858
1603,1901.147597
1604,1911.722204
1605,1914.990055
1606,1914.248943
1607,1897.573816
1608,1897.660953
1609,1883.301226
1610,1872.520776
1611,1869.960564
1612,1876.393932
1613,1870.264818
1614,1863.491527
1615,1863.4887
1616,1857.157413
1617,1861.735509
1618,1877.662141
1619,1875.982643
1620,1791.225119
1621,1794.982646
1622,1791.42396
1623,1777.68644
1624,1772.196628
1625,1783.26146
1626,1787.376324
1627,1813.255692
1628,1824.260254
1629,1846.937836
1630,1851.731166
1631,1858.822364
1632,1827.656994
1633,1834.774385
1634,1817.41989
1635,1823.023601
1636,1825.422836
1637,1832.025779
1638,1835.027111
1639,1839.163305
1640,1696.062285
1641,1696.620011
1642,1705.043487
1643,1714.689921
1644,1720.849163
1645,1704.980918
1646,1695.602151
1647,1684.016038
1648,1684.677091
1649,1678.160302
1650,1665.271279
1651,1672.81638
1652,1669.122511
1653,1658.799764
1654,1638.576708
1655,1635.239627
1656,1635.017951
1657,1639.115241
1658,1641.954355
1659,1636.724199
1660,1712.812542
1661,1709.695733
1662,1711.400568
1663,1708.098482
1664,1713.833867
1665,1724.159596
1666,1722.981282
1667,1726.215285
1668,1709.40722
1669,1712.971427
1670,1700.506728
1671,1701.737232
1672,1702.455708
1673,1693.392589
1674,1701.616923
1675,1699.462048
1676,1701.26802
1677,1705.750793
1678,1703.729755
1679,1704.142752
1680,1783.107712
1681,1768.128806
1682,1766.50748
1683,1740.100952
1684,1727.925137
1685,1744.108335
1686,1739.827067
1687,1750.69783
1688,1750.930789
1689,1751.773072
1690,1750.464956
1691,1754.034801
1692,1760.836697
1693,1755.325267
1694,1758.204112
1695,1761.90964
1696,1763.694489
1697,1763.547624
1698,1758.706592
1699,1762.274518
1700,1837.444747
1701,1845.073808
1702,1840.796983
1703,1849.471472
1704,1839.689936
1705,1846.958294
1706,1857.512044
1707,1852.892563
1708,1857.770553
1709,1856.654356
1710,1853.34221
1711,1863.289582
1712,1856.872895
1713,1862.80748
1714,1862.422858
1715,1861.556378
1716,1854.416886
1717,1855.325073
1718,1859.307104
1719,1849.22412
1720,1879.634989
1721,1893.824613
1722,1901.234113
1723,1905.372242
1724,1909.914876
1725,1907.705977
1726,1913.434726
1727,1916.824192
1728,1920.093906
1729,1922.718168
1730,1937.418218
1731,1945.371563
1732,1954.154226
1733,1958.660454
1734,1968.669204
1735,1969.536484
1736,1964.675954
1737,1962.232497
1738,1963.319778
1739,1975.235011
1740,1867.329787
1741,1848.510334
1742,1845.47614
1743,1851.578525
1744,1856.604414
1745,1849.687567
1746,1858.235913
1747,1856.978079
1748,1855.233855
1749,1857.390936
1750,1858.765961
1751,1856.887037
1752,1850.666585
1753,1860.775511
1754,1855.127406
1755,1837.478684
1756,1848.255166
1757,1840.518778
1758,1839.343616
1759,1835.960593
1760,1832.226508
1761,1807.435474
1762,1822.003429
1763,1828.988537
1764,1838.415296
1765,1857.536168
1766,1866.435843
1767,1892.270027
1768,1888.38963
1769,1876.218909
1770,1883.637546
1771,1881.169598
1772,1885.043183
1773,1867.027632
1774,1880.818113
1775,1883.689685
1776,1873.835997
1777,1886.56103
1778,1885.500985
1779,1886.933393
1780,1818.738816
1781,1821.646222
1782,1825.644704
1783,1829.890586
1784,1830.80023
1785,1832.305401
1786,1825.15235
1787,1824.007268
1788,1820.308791
1789,1820.71221
1790,1819.741506
1791,1822.712721
1792,1820.446256
1793,1823.225581
1794,1834.480993
1795,1830.309608
1796,1831.165551
1797,1831.524576
1798,1835.742747
1799,1834.729655
1800,1798.192457
1801,1788.684589
1802,1785.767472
1803,1789.841696
1804,1797.146072
1805,1786.842673
1806,1784.826596
1807,1786.859979
1808,1778.177208
1809,1798.861534
1810,1804.287638
1811,1809.975991
1812,1805.598393
1813,1817.024652
1814,1819.447382
1815,1816.017829
1816,1826.933215
1817,1821.497706
1818,1825.474861
1819,1829.802607
